"goalType","mean","sd","n","n_completed","n_abandoned","n_adjusted","perc_completed","perc_abandoned","perc_adjusted"
"long-term",5.65168539325843,3.33819235767617,208,24,17,7,11.5384615384615,8.17307692307692,3.36538461538462
"recurrance",6.34201954397394,3.26452908648086,357,34,38,14,9.52380952380952,10.6442577030812,3.92156862745098
"short-term",6.79111111111111,3.73280714829325,257,94,25,12,36.5758754863813,9.72762645914397,4.66926070038911
