"factor","progress","satisfaction","commitment","effort","urgency","implementation_intention","action_crisis","self_resources","other_resources"
"Value",NA,NA,NA,0.211372507103381,0.259039363088423,NA,NA,-0.139779252503595,NA
"Clarity",0.124075104189687,0.0380370636075902,0.201150606703985,0.274996596188703,0.152169829890812,0.363224047669701,-0.115888482477108,0.441106448839344,NA
"External",0.110225698522163,NA,0.175843604562434,0.166652494978702,0.246817257167815,0.173158664102443,NA,0.12045971759696,0.225624875760128
"Consensus",NA,NA,NA,NA,NA,NA,NA,NA,NA
