"factor","progress","satisfaction","commitment","effort","urgency","implementation_intention","action_crisis","self_resources","other_resources"
"Value",NA,NA,NA,0.35852171313923,0.367310840725292,NA,NA,NA,NA
"External",0.125806309733637,NA,0.219329771169798,0.173018179802387,0.281161886247964,0.17645214706335,NA,0.0792136738768049,0.238982336601529
"Attainability",0.196943911030852,0.058100509922857,0.256674143205948,0.257936379330516,0.157963886181419,0.289828962998914,-0.113843628561078,0.322615205846026,NA
"Instrumentality",NA,NA,-0.139237315579205,-0.132583693541213,-0.139374763862378,NA,NA,NA,NA
"Consensus",NA,NA,NA,NA,NA,NA,NA,NA,NA
"Measurability",NA,NA,NA,NA,NA,NA,NA,NA,NA
