"factor","ICC","F","df1","df2","p","lower bound","upper bound"
"Clarity",0.72255950881408,3.60437654837438,726,5089,4.94830763177279e-156,0.696285411387822,0.747498408455243
"Consensus",0.864825079849223,7.39782201376247,726,5089,0,0.852023779626437,0.876975843255216
"External",0.775525816191186,4.45485526679409,726,5089,4.7163334819915e-220,0.754267720266319,0.795703617629292
"Value",0.821634202054618,5.60645601073258,726,5089,9.39280905587967e-305,0.804742650526947,0.837667358265385
