"factor","ICC","F","df1","df2","p","lower bound","upper bound"
"Clarity",0.245594499261121,3.60437654837438,726,5089,4.94830763177279e-156,0.222739903747822,0.270097705274484
"Consensus",0.444360404486663,7.39782201376247,726,5089,0,0.418513479511714,0.471196219928758
"External",0.301606191115238,4.45485526679409,726,5089,4.7163334819915e-220,0.27729146806983,0.327439985813209
"Value",0.365404520256196,5.60645601073258,726,5089,9.39280905587967e-305,0.340012742421266,0.39210606484276
