"factor","ICC","F","df1","df2","p","lower bound","upper bound"
"Attainability",0.436644053024954,1.77507667287356,726,5089,2.13202671921234e-28,0.383293264273051,0.487283659968441
"Consensus",0.864825079849223,7.39782201376247,726,5089,0,0.852023779626437,0.876975843255216
"External",0.775525816191186,4.45485526679409,726,5089,4.7163334819915e-220,0.754267720266319,0.795703617629292
"Instrumentality",0.580137942381955,2.3817346241601,726,5089,1.36110616185929e-66,0.540376274716607,0.617879000557388
"Measurability",0.88226464880897,8.49362566029521,726,5089,0,0.871114906121862,0.892847783574265
"Value",0.789616862657413,4.75323266223378,726,5089,2.66726776292195e-242,0.769693213359673,0.808528031412747
